ticket_id,user_id,ticket_time,category,resolution_time_hours
1,1,2024-10-25 00:00:00,KYC Issue,6.63
2,2,2024-08-04 00:00:00,Payment Failure,49.62
3,4,2024-07-01 00:00:00,Payment Failure,18.03
4,9,2023-06-26 00:00:00,KYC Issue,41.19
5,17,2024-05-15 00:00:00,Payment Failure,69.21
6,25,2023-05-01 00:00:00,Account Access,71.71
7,28,2024-05-20 00:00:00,Account Access,32.23
8,32,2024-05-18 00:00:00,Account Access,44.19
9,33,2023-06-07 00:00:00,Account Access,37.54
10,35,2023-10-21 00:00:00,KYC Issue,46.73
11,45,2024-11-19 00:00:00,KYC Issue,67.41
12,46,2023-10-17 00:00:00,KYC Issue,54.31
13,48,2023-11-18 00:00:00,Account Access,30.38
14,52,2024-05-11 00:00:00,Payment Failure,42.54
15,57,2024-02-28 00:00:00,Account Access,9.32
16,68,2024-05-11 00:00:00,KYC Issue,71.35
17,69,2023-02-08 00:00:00,Account Access,65.17
18,72,2024-08-05 00:00:00,Payment Failure,38.85
19,80,2024-02-22 00:00:00,KYC Issue,62.3
20,85,2023-10-22 00:00:00,Payment Failure,46.63
21,86,2024-06-19 00:00:00,Account Access,48.09
22,88,2023-07-09 00:00:00,Payment Failure,45.44
23,89,2024-04-18 00:00:00,Account Access,5.56
24,92,2023-01-30 00:00:00,KYC Issue,13.72
25,95,2023-11-16 00:00:00,KYC Issue,24.25
26,97,2024-06-20 00:00:00,Payment Failure,11.43
27,106,2024-01-30 00:00:00,Payment Failure,24.45
28,110,2023-03-19 00:00:00,Account Access,47.9
29,117,2023-05-25 00:00:00,KYC Issue,47.46
30,118,2023-09-04 00:00:00,Account Access,25.35
31,120,2023-11-14 00:00:00,KYC Issue,66.78
32,123,2024-05-24 00:00:00,Payment Failure,53.62
33,127,2023-07-23 00:00:00,Account Access,63.17
34,129,2024-12-29 00:00:00,Payment Failure,32.88
35,140,2024-05-29 00:00:00,Payment Failure,25.34
36,143,2023-06-24 00:00:00,KYC Issue,64.89
37,150,2025-01-18 00:00:00,Payment Failure,67.5
38,152,2024-02-07 00:00:00,KYC Issue,60.4
39,153,2024-05-03 00:00:00,Account Access,27.02
40,163,2023-10-15 00:00:00,Account Access,56.56
41,165,2024-11-01 00:00:00,KYC Issue,44.03
42,170,2023-04-23 00:00:00,Payment Failure,32.23
43,178,2024-09-17 00:00:00,KYC Issue,70.59
44,179,2024-07-31 00:00:00,KYC Issue,10.61
45,187,2024-03-19 00:00:00,KYC Issue,69.41
46,202,2023-09-08 00:00:00,Account Access,61.4
47,212,2025-01-15 00:00:00,Account Access,57.36
48,218,2023-02-04 00:00:00,Account Access,50.07
49,219,2023-04-29 00:00:00,Account Access,64.69
50,225,2023-07-02 00:00:00,Account Access,62.73
51,231,2024-01-26 00:00:00,KYC Issue,36.6
52,234,2023-07-26 00:00:00,Payment Failure,24.35
53,241,2023-11-15 00:00:00,Payment Failure,63.32
54,248,2024-05-01 00:00:00,KYC Issue,35.61
55,249,2024-08-20 00:00:00,Account Access,26.73
56,255,2023-07-01 00:00:00,KYC Issue,53.21
57,258,2023-05-12 00:00:00,KYC Issue,60.66
58,267,2023-05-28 00:00:00,KYC Issue,16.03
59,269,2024-03-23 00:00:00,KYC Issue,34.22
60,279,2024-10-05 00:00:00,KYC Issue,40.26
61,285,2024-12-13 00:00:00,Payment Failure,26.07
62,287,2024-01-02 00:00:00,KYC Issue,3.78
63,288,2024-07-14 00:00:00,KYC Issue,56.02
64,292,2024-06-23 00:00:00,Payment Failure,37.43
65,294,2023-02-19 00:00:00,Account Access,19.28
66,298,2023-07-28 00:00:00,Account Access,7.71
67,299,2024-04-12 00:00:00,Payment Failure,43.98
68,306,2024-03-30 00:00:00,KYC Issue,6.62
69,308,2024-12-18 00:00:00,KYC Issue,57.37
70,309,2024-11-26 00:00:00,Account Access,4.83
71,311,2024-09-27 00:00:00,Payment Failure,14.99
72,319,2024-08-21 00:00:00,Payment Failure,62.89
73,325,2023-12-31 00:00:00,Account Access,6.99
74,327,2023-12-16 00:00:00,KYC Issue,50.08
75,331,2023-06-07 00:00:00,KYC Issue,30.45
76,334,2023-10-23 00:00:00,KYC Issue,55.21
77,337,2023-07-31 00:00:00,KYC Issue,54.52
78,343,2023-10-05 00:00:00,Account Access,62.77
79,345,2024-12-04 00:00:00,KYC Issue,53.17
80,346,2023-07-11 00:00:00,Payment Failure,46.73
81,349,2024-11-14 00:00:00,Payment Failure,58.03
82,352,2024-02-27 00:00:00,Payment Failure,56.7
83,358,2023-05-17 00:00:00,KYC Issue,11.53
84,363,2024-02-10 00:00:00,Payment Failure,22.4
85,365,2023-08-08 00:00:00,Account Access,67.91
86,369,2023-07-21 00:00:00,Payment Failure,30.55
87,371,2024-01-09 00:00:00,Payment Failure,56.85
88,374,2023-12-12 00:00:00,Payment Failure,62.05
89,385,2023-06-07 00:00:00,Payment Failure,50.73
90,390,2023-01-23 00:00:00,KYC Issue,25.18
91,391,2024-12-08 00:00:00,Payment Failure,66.88
92,393,2024-07-16 00:00:00,KYC Issue,30.39
93,394,2024-05-27 00:00:00,KYC Issue,58.86
94,395,2024-11-25 00:00:00,Payment Failure,5.77
95,396,2025-01-05 00:00:00,Payment Failure,26.43
96,401,2024-10-24 00:00:00,KYC Issue,31.64
97,402,2024-06-09 00:00:00,Payment Failure,65.33
98,409,2024-01-24 00:00:00,Account Access,28.57
99,410,2023-07-11 00:00:00,Payment Failure,37.0
100,415,2023-06-15 00:00:00,Payment Failure,59.18
101,416,2023-07-16 00:00:00,Account Access,65.42
102,418,2024-12-20 00:00:00,Account Access,32.48
103,420,2024-12-06 00:00:00,Account Access,67.97
104,428,2024-09-10 00:00:00,KYC Issue,32.72
105,429,2024-01-30 00:00:00,Payment Failure,50.01
106,437,2024-02-02 00:00:00,KYC Issue,5.19
107,442,2024-05-12 00:00:00,Payment Failure,56.99
108,445,2024-08-14 00:00:00,Payment Failure,41.66
109,446,2023-02-18 00:00:00,Account Access,68.1
110,451,2024-01-27 00:00:00,KYC Issue,3.23
111,453,2024-02-29 00:00:00,Account Access,68.48
112,456,2024-02-11 00:00:00,KYC Issue,39.23
113,465,2024-03-03 00:00:00,Account Access,14.48
114,469,2023-02-14 00:00:00,Payment Failure,24.12
115,471,2023-12-31 00:00:00,KYC Issue,54.16
116,472,2024-05-16 00:00:00,Payment Failure,33.63
117,473,2023-04-19 00:00:00,Payment Failure,32.41
118,477,2024-03-26 00:00:00,KYC Issue,37.64
119,483,2024-01-21 00:00:00,KYC Issue,52.83
120,484,2024-07-02 00:00:00,KYC Issue,2.14
121,487,2023-10-14 00:00:00,KYC Issue,40.54
122,494,2024-02-24 00:00:00,Account Access,43.7
123,495,2024-09-14 00:00:00,Account Access,48.82
124,497,2023-11-21 00:00:00,Payment Failure,58.53
125,507,2023-02-04 00:00:00,KYC Issue,56.36
126,509,2023-05-01 00:00:00,KYC Issue,31.8
127,511,2023-05-16 00:00:00,Payment Failure,53.78
128,517,2024-03-21 00:00:00,KYC Issue,6.11
129,518,2024-11-17 00:00:00,KYC Issue,24.6
130,521,2024-04-22 00:00:00,Payment Failure,66.92
131,525,2023-04-18 00:00:00,Account Access,22.82
132,530,2023-04-21 00:00:00,Payment Failure,25.7
133,533,2024-01-14 00:00:00,Payment Failure,69.84
134,534,2023-02-14 00:00:00,Payment Failure,24.04
135,538,2023-09-20 00:00:00,Payment Failure,51.27
136,539,2024-07-28 00:00:00,Payment Failure,22.31
137,541,2023-11-28 00:00:00,KYC Issue,40.87
138,542,2023-05-17 00:00:00,Payment Failure,11.04
139,545,2024-11-19 00:00:00,Account Access,66.08
140,547,2023-09-09 00:00:00,Payment Failure,37.77
141,554,2024-05-20 00:00:00,KYC Issue,16.79
142,556,2023-08-23 00:00:00,KYC Issue,32.48
143,559,2024-11-02 00:00:00,Account Access,49.55
144,563,2024-08-08 00:00:00,KYC Issue,16.58
145,564,2023-06-01 00:00:00,Payment Failure,65.27
146,568,2024-07-22 00:00:00,KYC Issue,42.48
147,570,2024-03-18 00:00:00,Payment Failure,26.38
148,573,2023-11-05 00:00:00,Account Access,45.54
149,577,2023-11-02 00:00:00,KYC Issue,5.41
150,579,2023-05-12 00:00:00,KYC Issue,49.26
151,590,2025-01-11 00:00:00,Payment Failure,16.63
152,595,2024-03-20 00:00:00,KYC Issue,24.74
153,598,2024-02-27 00:00:00,KYC Issue,68.66
154,601,2024-03-04 00:00:00,KYC Issue,8.59
155,608,2024-01-16 00:00:00,KYC Issue,61.22
156,613,2024-03-03 00:00:00,Account Access,28.99
157,614,2023-04-15 00:00:00,KYC Issue,6.58
158,615,2024-07-14 00:00:00,KYC Issue,37.87
159,630,2024-03-28 00:00:00,KYC Issue,49.91
160,634,2023-08-12 00:00:00,KYC Issue,52.47
161,635,2023-10-14 00:00:00,Payment Failure,17.47
162,637,2023-09-08 00:00:00,KYC Issue,25.29
163,640,2024-12-16 00:00:00,KYC Issue,23.21
164,647,2024-08-19 00:00:00,KYC Issue,49.15
165,650,2024-07-20 00:00:00,KYC Issue,14.66
166,655,2024-10-30 00:00:00,KYC Issue,62.11
167,659,2024-02-19 00:00:00,Payment Failure,67.81
168,661,2023-05-25 00:00:00,Payment Failure,49.93
169,666,2023-08-31 00:00:00,KYC Issue,41.39
170,668,2023-12-16 00:00:00,KYC Issue,62.14
171,672,2024-04-12 00:00:00,Payment Failure,71.53
172,676,2023-10-31 00:00:00,KYC Issue,53.56
173,677,2023-10-22 00:00:00,Payment Failure,15.56
174,687,2024-02-21 00:00:00,KYC Issue,39.46
175,688,2024-09-25 00:00:00,KYC Issue,60.79
176,690,2023-03-12 00:00:00,Account Access,21.17
177,693,2023-03-25 00:00:00,KYC Issue,3.01
178,698,2025-01-18 00:00:00,Payment Failure,25.2
179,704,2024-09-22 00:00:00,Account Access,37.01
180,706,2023-06-11 00:00:00,Payment Failure,4.29
181,708,2023-08-16 00:00:00,Payment Failure,36.75
182,711,2024-04-05 00:00:00,Payment Failure,26.46
183,712,2023-05-23 00:00:00,Account Access,52.08
184,716,2024-09-08 00:00:00,KYC Issue,51.68
185,719,2023-04-15 00:00:00,KYC Issue,23.14
186,721,2023-03-30 00:00:00,Account Access,9.84
187,723,2024-10-01 00:00:00,Payment Failure,59.32
188,733,2024-01-03 00:00:00,KYC Issue,16.55
189,741,2023-11-17 00:00:00,KYC Issue,8.4
190,747,2023-05-29 00:00:00,KYC Issue,5.36
191,749,2024-06-04 00:00:00,KYC Issue,11.87
192,752,2024-07-11 00:00:00,KYC Issue,41.68
193,754,2023-12-31 00:00:00,Payment Failure,17.39
194,759,2024-08-27 00:00:00,Payment Failure,57.96
195,761,2024-05-17 00:00:00,Payment Failure,49.45
196,763,2023-02-14 00:00:00,Payment Failure,3.65
197,765,2023-03-03 00:00:00,Account Access,65.24
198,766,2023-07-23 00:00:00,KYC Issue,36.72
199,769,2023-06-22 00:00:00,KYC Issue,48.5
200,774,2025-01-15 00:00:00,KYC Issue,12.39
201,784,2024-01-12 00:00:00,Payment Failure,6.54
202,788,2023-09-04 00:00:00,Payment Failure,11.5
203,792,2024-03-13 00:00:00,Payment Failure,5.01
204,800,2023-08-16 00:00:00,KYC Issue,62.63
205,801,2024-06-08 00:00:00,KYC Issue,63.12
206,803,2024-04-21 00:00:00,KYC Issue,25.4
207,813,2024-11-07 00:00:00,Payment Failure,46.88
208,818,2023-10-07 00:00:00,KYC Issue,60.37
209,822,2023-04-29 00:00:00,KYC Issue,43.98
210,823,2023-08-06 00:00:00,Account Access,4.87
211,824,2023-05-23 00:00:00,KYC Issue,64.02
212,826,2024-10-12 00:00:00,Account Access,55.7
213,830,2023-07-18 00:00:00,KYC Issue,8.95
214,837,2024-09-29 00:00:00,Payment Failure,68.43
215,842,2023-12-03 00:00:00,Account Access,6.89
216,844,2023-01-20 00:00:00,Account Access,24.82
217,853,2024-05-23 00:00:00,KYC Issue,38.49
218,858,2024-11-10 00:00:00,Payment Failure,11.82
219,860,2024-06-26 00:00:00,Account Access,27.77
220,864,2023-10-12 00:00:00,Payment Failure,24.72
221,868,2023-06-02 00:00:00,KYC Issue,11.7
222,869,2024-03-12 00:00:00,Payment Failure,13.26
223,870,2024-07-14 00:00:00,Account Access,4.11
224,875,2023-07-11 00:00:00,KYC Issue,26.38
225,878,2023-03-14 00:00:00,Payment Failure,53.96
226,879,2024-11-11 00:00:00,Account Access,41.39
227,880,2024-08-16 00:00:00,Payment Failure,4.91
228,881,2024-04-07 00:00:00,Account Access,70.5
229,883,2023-09-23 00:00:00,KYC Issue,58.06
230,884,2024-03-09 00:00:00,KYC Issue,61.46
231,887,2024-11-20 00:00:00,Payment Failure,18.02
232,899,2024-05-04 00:00:00,KYC Issue,25.29
233,901,2024-05-08 00:00:00,KYC Issue,38.63
234,904,2024-04-13 00:00:00,Payment Failure,4.24
235,905,2024-07-26 00:00:00,Payment Failure,42.77
236,911,2024-11-19 00:00:00,KYC Issue,26.06
237,914,2024-08-31 00:00:00,KYC Issue,52.69
238,919,2024-09-04 00:00:00,Account Access,23.73
239,920,2023-04-11 00:00:00,Payment Failure,66.07
240,927,2024-12-12 00:00:00,Payment Failure,34.97
241,928,2023-10-17 00:00:00,Payment Failure,28.21
242,933,2024-01-05 00:00:00,Payment Failure,70.39
243,934,2023-09-23 00:00:00,KYC Issue,41.51
244,944,2024-05-05 00:00:00,KYC Issue,48.91
245,947,2023-05-19 00:00:00,Account Access,18.87
246,948,2024-05-30 00:00:00,KYC Issue,63.9
247,950,2024-05-23 00:00:00,Payment Failure,46.11
248,952,2024-02-07 00:00:00,Payment Failure,15.32
249,953,2023-01-16 00:00:00,KYC Issue,27.54
250,960,2023-08-05 00:00:00,Account Access,16.68
251,961,2023-04-04 00:00:00,Payment Failure,12.04
252,962,2023-02-25 00:00:00,KYC Issue,9.14
253,967,2023-02-09 00:00:00,Account Access,41.79
254,971,2023-10-20 00:00:00,Payment Failure,14.97
255,980,2024-04-27 00:00:00,KYC Issue,2.56
256,981,2023-04-27 00:00:00,Account Access,31.04
257,982,2023-02-26 00:00:00,Account Access,2.4
258,985,2023-11-26 00:00:00,Payment Failure,26.26
259,986,2023-02-16 00:00:00,Payment Failure,32.04
260,987,2023-03-31 00:00:00,Payment Failure,43.03
261,992,2023-03-08 00:00:00,Account Access,20.4
262,993,2023-05-09 00:00:00,KYC Issue,50.54
263,996,2024-11-26 00:00:00,KYC Issue,34.49
264,998,2024-11-04 00:00:00,KYC Issue,39.18
265,1002,2024-03-31 00:00:00,KYC Issue,66.69
266,1007,2023-07-13 00:00:00,Account Access,66.65
267,1010,2023-10-13 00:00:00,Payment Failure,10.48
268,1011,2024-06-25 00:00:00,Payment Failure,39.02
269,1012,2023-10-16 00:00:00,KYC Issue,9.05
270,1013,2023-03-30 00:00:00,Payment Failure,5.63
271,1023,2024-02-21 00:00:00,KYC Issue,40.24
272,1029,2023-12-29 00:00:00,Account Access,16.39
273,1030,2023-10-28 00:00:00,KYC Issue,12.2
274,1032,2023-08-15 00:00:00,Account Access,40.11
275,1033,2023-04-26 00:00:00,Account Access,64.11
276,1034,2023-04-14 00:00:00,Payment Failure,27.51
277,1035,2025-01-01 00:00:00,Account Access,21.05
278,1036,2023-05-22 00:00:00,Account Access,60.44
279,1043,2024-03-21 00:00:00,Account Access,67.22
280,1044,2024-03-28 00:00:00,KYC Issue,64.87
281,1045,2024-07-03 00:00:00,KYC Issue,64.87
282,1050,2024-07-12 00:00:00,Payment Failure,68.96
283,1051,2023-10-22 00:00:00,Payment Failure,65.55
284,1056,2023-01-27 00:00:00,KYC Issue,11.97
285,1061,2023-07-12 00:00:00,Payment Failure,10.32
286,1064,2023-10-04 00:00:00,Payment Failure,40.06
287,1067,2024-03-04 00:00:00,Account Access,51.94
288,1071,2024-07-31 00:00:00,KYC Issue,47.13
289,1074,2024-02-04 00:00:00,KYC Issue,27.55
290,1075,2024-08-07 00:00:00,KYC Issue,51.53
291,1077,2023-10-07 00:00:00,Payment Failure,45.91
292,1081,2024-05-13 00:00:00,Payment Failure,4.59
293,1084,2023-12-19 00:00:00,KYC Issue,68.98
294,1085,2023-05-31 00:00:00,Payment Failure,20.24
295,1090,2024-06-25 00:00:00,KYC Issue,62.13
296,1092,2024-10-31 00:00:00,Account Access,27.56
297,1098,2023-06-24 00:00:00,Payment Failure,19.43
298,1101,2023-03-20 00:00:00,KYC Issue,47.37
299,1105,2023-03-16 00:00:00,Payment Failure,33.03
300,1109,2024-10-27 00:00:00,KYC Issue,46.79
301,1110,2023-08-30 00:00:00,Payment Failure,31.92
302,1126,2024-04-03 00:00:00,Account Access,67.24
303,1129,2024-04-13 00:00:00,KYC Issue,52.18
304,1130,2024-10-28 00:00:00,KYC Issue,9.59
305,1135,2024-05-07 00:00:00,KYC Issue,14.0
306,1136,2024-05-02 00:00:00,KYC Issue,35.92
307,1139,2023-07-02 00:00:00,Account Access,56.74
308,1142,2023-05-04 00:00:00,Account Access,56.7
309,1146,2023-07-18 00:00:00,KYC Issue,48.31
310,1161,2023-09-15 00:00:00,KYC Issue,44.51
311,1163,2024-07-15 00:00:00,KYC Issue,10.46
312,1164,2023-03-03 00:00:00,Payment Failure,43.16
313,1166,2023-04-24 00:00:00,KYC Issue,35.97
314,1169,2024-01-08 00:00:00,KYC Issue,44.4
315,1175,2024-05-02 00:00:00,Payment Failure,17.56
316,1181,2023-09-04 00:00:00,KYC Issue,57.63
317,1185,2024-05-12 00:00:00,Account Access,21.28
318,1206,2024-05-15 00:00:00,KYC Issue,50.12
319,1207,2024-11-12 00:00:00,KYC Issue,21.34
320,1212,2024-11-03 00:00:00,Payment Failure,44.88
321,1224,2024-07-07 00:00:00,Payment Failure,23.84
322,1229,2024-10-31 00:00:00,Payment Failure,21.58
323,1231,2023-07-25 00:00:00,Account Access,66.18
324,1232,2024-02-10 00:00:00,KYC Issue,63.97
325,1239,2024-10-20 00:00:00,KYC Issue,60.94
326,1247,2023-09-05 00:00:00,KYC Issue,45.85
327,1250,2023-10-30 00:00:00,KYC Issue,30.76
328,1252,2024-07-27 00:00:00,Payment Failure,17.09
329,1256,2024-08-08 00:00:00,KYC Issue,55.76
330,1260,2024-03-27 00:00:00,KYC Issue,39.4
331,1262,2023-11-26 00:00:00,Payment Failure,29.77
332,1264,2024-11-05 00:00:00,Payment Failure,70.63
333,1265,2023-07-24 00:00:00,Payment Failure,60.15
334,1266,2023-11-02 00:00:00,KYC Issue,51.2
335,1272,2024-09-30 00:00:00,KYC Issue,63.65
336,1280,2023-05-08 00:00:00,KYC Issue,71.36
337,1281,2024-04-16 00:00:00,KYC Issue,30.11
338,1282,2024-01-18 00:00:00,Account Access,40.93
339,1295,2023-06-26 00:00:00,KYC Issue,15.08
340,1301,2023-10-24 00:00:00,Account Access,40.38
341,1304,2024-01-31 00:00:00,Account Access,56.85
342,1306,2023-02-04 00:00:00,KYC Issue,17.39
343,1307,2024-03-27 00:00:00,KYC Issue,51.26
344,1317,2024-03-02 00:00:00,KYC Issue,19.67
345,1319,2024-09-17 00:00:00,KYC Issue,13.95
346,1321,2024-07-07 00:00:00,KYC Issue,39.73
347,1325,2023-07-03 00:00:00,Payment Failure,50.0
348,1334,2023-11-23 00:00:00,Payment Failure,68.81
349,1336,2023-10-05 00:00:00,KYC Issue,41.06
350,1342,2023-09-17 00:00:00,Payment Failure,64.74
351,1344,2024-07-07 00:00:00,Account Access,55.47
352,1346,2023-08-18 00:00:00,Payment Failure,13.16
353,1347,2024-07-14 00:00:00,Payment Failure,58.18
354,1348,2023-04-05 00:00:00,KYC Issue,69.44
355,1349,2024-02-19 00:00:00,KYC Issue,59.33
356,1350,2023-06-22 00:00:00,Payment Failure,17.25
357,1353,2024-09-16 00:00:00,Payment Failure,37.2
358,1357,2024-03-28 00:00:00,Payment Failure,61.55
359,1360,2024-09-23 00:00:00,KYC Issue,19.33
360,1364,2023-05-06 00:00:00,KYC Issue,33.32
361,1366,2023-04-17 00:00:00,Payment Failure,42.44
362,1371,2024-11-30 00:00:00,Payment Failure,16.3
363,1376,2023-06-02 00:00:00,Account Access,23.49
364,1385,2023-06-22 00:00:00,Payment Failure,9.81
365,1391,2023-08-04 00:00:00,KYC Issue,59.67
366,1393,2023-12-30 00:00:00,KYC Issue,64.13
367,1398,2024-09-30 00:00:00,Payment Failure,57.17
368,1403,2023-12-28 00:00:00,Payment Failure,35.25
369,1410,2024-12-21 00:00:00,Account Access,51.48
370,1414,2023-03-07 00:00:00,Payment Failure,68.4
371,1421,2023-11-09 00:00:00,Account Access,60.18
372,1422,2024-10-04 00:00:00,Payment Failure,43.11
373,1424,2023-02-01 00:00:00,Payment Failure,40.62
374,1428,2024-11-26 00:00:00,Account Access,36.96
375,1433,2023-03-25 00:00:00,KYC Issue,24.58
376,1436,2023-07-02 00:00:00,KYC Issue,36.17
377,1444,2023-03-11 00:00:00,KYC Issue,44.58
378,1446,2024-02-15 00:00:00,KYC Issue,57.31
379,1447,2023-06-03 00:00:00,Payment Failure,35.06
380,1450,2023-02-19 00:00:00,KYC Issue,15.16
381,1451,2024-06-09 00:00:00,Payment Failure,62.24
382,1452,2024-10-21 00:00:00,KYC Issue,30.26
383,1455,2023-07-10 00:00:00,KYC Issue,69.91
384,1456,2024-09-02 00:00:00,Payment Failure,12.23
385,1458,2023-06-14 00:00:00,Payment Failure,46.95
386,1462,2023-01-20 00:00:00,KYC Issue,47.93
387,1464,2023-09-07 00:00:00,KYC Issue,66.43
388,1465,2024-02-22 00:00:00,Payment Failure,59.26
389,1466,2024-11-24 00:00:00,Account Access,42.23
390,1467,2024-01-23 00:00:00,Account Access,64.83
391,1468,2024-03-01 00:00:00,Payment Failure,66.55
392,1469,2024-01-23 00:00:00,KYC Issue,33.39
393,1472,2025-01-10 00:00:00,Payment Failure,46.85
394,1473,2023-11-07 00:00:00,Payment Failure,9.75
395,1479,2024-05-20 00:00:00,Payment Failure,34.84
396,1481,2024-02-06 00:00:00,Payment Failure,16.15
397,1488,2023-01-29 00:00:00,KYC Issue,5.14
398,1500,2023-08-12 00:00:00,Account Access,18.41
399,1501,2023-10-06 00:00:00,KYC Issue,51.19
400,1509,2023-03-06 00:00:00,KYC Issue,24.19
401,1515,2023-06-21 00:00:00,KYC Issue,24.45
402,1524,2023-12-16 00:00:00,Payment Failure,17.09
403,1538,2023-05-04 00:00:00,KYC Issue,20.09
404,1541,2024-04-09 00:00:00,KYC Issue,66.85
405,1543,2023-01-27 00:00:00,Account Access,40.81
406,1544,2024-02-27 00:00:00,Account Access,43.98
407,1554,2023-11-02 00:00:00,KYC Issue,15.63
408,1574,2024-04-12 00:00:00,Payment Failure,70.64
409,1579,2025-01-15 00:00:00,KYC Issue,40.5
410,1580,2025-01-11 00:00:00,KYC Issue,39.77
411,1581,2024-10-28 00:00:00,KYC Issue,35.82
412,1583,2023-10-08 00:00:00,Account Access,39.32
413,1596,2023-04-12 00:00:00,KYC Issue,62.25
414,1607,2023-02-14 00:00:00,KYC Issue,8.49
415,1609,2023-10-04 00:00:00,KYC Issue,18.84
416,1610,2024-08-08 00:00:00,Payment Failure,22.99
417,1619,2024-08-04 00:00:00,Payment Failure,59.41
418,1630,2023-12-01 00:00:00,Account Access,5.88
419,1631,2023-09-09 00:00:00,Payment Failure,54.37
420,1632,2024-08-14 00:00:00,Payment Failure,54.18
421,1635,2023-08-12 00:00:00,KYC Issue,35.97
422,1636,2024-10-18 00:00:00,Payment Failure,14.04
423,1638,2023-08-27 00:00:00,Payment Failure,71.79
424,1643,2024-05-18 00:00:00,Account Access,29.76
425,1645,2023-12-04 00:00:00,KYC Issue,41.82
426,1646,2024-03-17 00:00:00,KYC Issue,21.81
427,1650,2024-12-02 00:00:00,Payment Failure,28.5
428,1653,2023-02-08 00:00:00,Account Access,5.65
429,1656,2023-05-18 00:00:00,KYC Issue,45.88
430,1658,2024-09-10 00:00:00,KYC Issue,61.91
431,1659,2024-07-01 00:00:00,Payment Failure,45.54
432,1661,2023-09-24 00:00:00,Payment Failure,15.13
433,1662,2024-06-14 00:00:00,Payment Failure,43.11
434,1672,2024-09-06 00:00:00,KYC Issue,20.15
435,1673,2024-03-15 00:00:00,KYC Issue,8.45
436,1676,2023-04-18 00:00:00,KYC Issue,33.68
437,1678,2024-06-27 00:00:00,KYC Issue,59.94
438,1685,2024-07-30 00:00:00,Payment Failure,64.39
439,1686,2024-12-08 00:00:00,Payment Failure,7.63
440,1689,2023-06-23 00:00:00,KYC Issue,15.29
441,1700,2023-05-26 00:00:00,KYC Issue,24.42
442,1701,2024-04-04 00:00:00,Account Access,4.68
443,1702,2024-08-01 00:00:00,KYC Issue,64.72
444,1704,2024-11-23 00:00:00,Payment Failure,32.89
445,1708,2024-08-21 00:00:00,Account Access,42.13
446,1709,2023-11-22 00:00:00,KYC Issue,39.7
447,1712,2023-10-11 00:00:00,Account Access,38.11
448,1714,2023-04-03 00:00:00,KYC Issue,27.12
449,1715,2024-10-15 00:00:00,Account Access,22.38
450,1721,2023-11-26 00:00:00,KYC Issue,65.37
451,1726,2024-02-13 00:00:00,Payment Failure,33.56
452,1738,2023-03-13 00:00:00,Account Access,56.85
453,1739,2023-10-28 00:00:00,KYC Issue,18.16
454,1745,2023-01-24 00:00:00,KYC Issue,50.85
455,1746,2023-09-02 00:00:00,Payment Failure,15.1
456,1748,2024-06-14 00:00:00,Payment Failure,58.52
457,1753,2023-01-16 00:00:00,Payment Failure,17.55
458,1756,2024-10-14 00:00:00,Payment Failure,51.33
459,1758,2023-03-18 00:00:00,KYC Issue,55.15
460,1763,2023-07-26 00:00:00,KYC Issue,7.6
461,1777,2024-06-21 00:00:00,Account Access,8.03
462,1783,2024-05-10 00:00:00,KYC Issue,14.76
463,1789,2023-03-21 00:00:00,Account Access,7.87
464,1790,2024-02-07 00:00:00,Account Access,20.92
465,1793,2023-11-05 00:00:00,KYC Issue,46.84
466,1798,2023-09-01 00:00:00,Account Access,48.59
467,1799,2024-08-30 00:00:00,KYC Issue,46.21
468,1802,2024-09-27 00:00:00,Payment Failure,7.44
469,1805,2023-07-08 00:00:00,Payment Failure,28.07
470,1806,2024-02-01 00:00:00,KYC Issue,7.2
471,1807,2024-07-10 00:00:00,KYC Issue,23.2
472,1809,2023-06-05 00:00:00,KYC Issue,4.63
473,1811,2023-05-16 00:00:00,KYC Issue,31.49
474,1814,2024-11-05 00:00:00,Account Access,45.34
475,1815,2023-04-23 00:00:00,Payment Failure,15.29
476,1818,2024-05-31 00:00:00,Payment Failure,71.1
477,1822,2024-08-27 00:00:00,KYC Issue,65.57
478,1827,2023-05-26 00:00:00,KYC Issue,63.65
479,1828,2024-03-10 00:00:00,Account Access,10.01
480,1831,2024-07-04 00:00:00,Account Access,59.17
481,1840,2023-04-02 00:00:00,Payment Failure,65.32
482,1849,2023-11-17 00:00:00,KYC Issue,3.27
483,1850,2023-09-04 00:00:00,KYC Issue,43.94
484,1852,2024-04-19 00:00:00,Account Access,20.63
485,1853,2024-08-03 00:00:00,Account Access,4.74
486,1856,2024-07-20 00:00:00,Payment Failure,8.54
487,1860,2023-08-19 00:00:00,Account Access,20.01
488,1864,2023-12-22 00:00:00,Payment Failure,70.55
489,1865,2024-09-01 00:00:00,Account Access,22.2
490,1872,2024-07-25 00:00:00,KYC Issue,37.63
491,1873,2023-12-22 00:00:00,Payment Failure,62.29
492,1879,2023-10-23 00:00:00,KYC Issue,40.81
493,1880,2023-02-10 00:00:00,KYC Issue,11.75
494,1883,2025-01-21 00:00:00,Payment Failure,4.3
495,1896,2024-09-21 00:00:00,KYC Issue,59.64
496,1898,2023-06-18 00:00:00,Account Access,19.65
497,1904,2023-09-14 00:00:00,Payment Failure,17.44
498,1910,2023-07-12 00:00:00,KYC Issue,60.22
499,1912,2023-03-14 00:00:00,KYC Issue,26.96
500,1914,2024-07-17 00:00:00,Payment Failure,70.07
501,1921,2023-02-05 00:00:00,Account Access,26.25
502,1923,2023-09-12 00:00:00,Payment Failure,12.08
503,1925,2023-09-20 00:00:00,KYC Issue,24.12
504,1933,2023-12-03 00:00:00,KYC Issue,44.96
505,1934,2023-05-16 00:00:00,Payment Failure,14.25
506,1937,2024-05-06 00:00:00,KYC Issue,8.97
507,1941,2024-08-14 00:00:00,Account Access,65.39
508,1946,2024-05-08 00:00:00,Payment Failure,30.83
509,1949,2024-09-24 00:00:00,Payment Failure,43.77
510,1951,2023-11-14 00:00:00,Payment Failure,61.4
511,1958,2023-04-01 00:00:00,Account Access,13.18
512,1962,2024-04-19 00:00:00,Payment Failure,37.32
513,1970,2024-04-25 00:00:00,Payment Failure,61.33
514,1975,2023-09-23 00:00:00,KYC Issue,6.16
515,1978,2024-05-01 00:00:00,Account Access,3.17
516,1983,2024-09-14 00:00:00,KYC Issue,15.08
517,1984,2024-07-04 00:00:00,KYC Issue,67.43
518,1988,2023-08-11 00:00:00,Account Access,31.93
519,1989,2024-12-18 00:00:00,Payment Failure,41.06
520,1992,2024-05-06 00:00:00,KYC Issue,44.14
521,1993,2023-07-06 00:00:00,KYC Issue,34.63
522,1998,2023-01-10 00:00:00,Payment Failure,19.72
523,2001,2024-04-05 00:00:00,KYC Issue,8.85
524,2009,2023-07-22 00:00:00,Account Access,28.24
525,2014,2024-01-05 00:00:00,Account Access,28.25
526,2015,2024-09-21 00:00:00,KYC Issue,52.96
527,2016,2023-11-28 00:00:00,KYC Issue,26.09
528,2025,2024-12-12 00:00:00,KYC Issue,31.71
529,2026,2023-03-19 00:00:00,Account Access,52.99
530,2028,2024-06-10 00:00:00,Account Access,6.22
531,2052,2023-02-07 00:00:00,Payment Failure,20.74
532,2062,2024-08-25 00:00:00,Payment Failure,44.14
533,2063,2024-09-15 00:00:00,Payment Failure,22.99
534,2072,2023-07-11 00:00:00,Payment Failure,20.3
535,2073,2024-11-25 00:00:00,KYC Issue,29.2
536,2091,2024-03-15 00:00:00,Account Access,9.69
537,2093,2023-07-14 00:00:00,Payment Failure,28.6
538,2094,2024-04-22 00:00:00,KYC Issue,14.8
539,2095,2024-01-09 00:00:00,Payment Failure,20.34
540,2106,2024-08-15 00:00:00,Payment Failure,13.08
541,2110,2023-01-22 00:00:00,KYC Issue,40.76
542,2112,2024-02-04 00:00:00,Payment Failure,3.78
543,2114,2023-11-13 00:00:00,KYC Issue,43.4
544,2120,2024-02-06 00:00:00,Account Access,64.62
545,2124,2023-11-06 00:00:00,Payment Failure,51.55
546,2125,2024-11-06 00:00:00,KYC Issue,68.81
547,2132,2023-09-14 00:00:00,Payment Failure,68.6
548,2136,2024-11-19 00:00:00,KYC Issue,59.85
549,2140,2024-10-13 00:00:00,Payment Failure,4.98
550,2141,2023-05-13 00:00:00,Payment Failure,68.88
551,2147,2023-01-26 00:00:00,Payment Failure,28.27
552,2151,2024-08-11 00:00:00,Payment Failure,8.45
553,2171,2024-09-03 00:00:00,KYC Issue,48.49
554,2176,2024-05-13 00:00:00,Payment Failure,29.11
555,2180,2023-02-22 00:00:00,KYC Issue,63.24
556,2184,2024-09-21 00:00:00,Payment Failure,33.28
557,2187,2024-08-17 00:00:00,Account Access,4.16
558,2191,2025-01-07 00:00:00,KYC Issue,12.18
559,2194,2023-09-25 00:00:00,Account Access,16.3
560,2195,2023-05-22 00:00:00,Account Access,44.96
561,2198,2024-12-13 00:00:00,KYC Issue,66.6
562,2199,2024-04-19 00:00:00,Payment Failure,2.27
563,2200,2024-06-25 00:00:00,Payment Failure,42.06
564,2202,2024-08-06 00:00:00,KYC Issue,43.12
565,2203,2024-01-06 00:00:00,KYC Issue,12.38
566,2204,2025-01-23 00:00:00,KYC Issue,66.29
567,2206,2023-11-23 00:00:00,Payment Failure,15.99
568,2207,2024-04-08 00:00:00,Payment Failure,63.43
569,2209,2024-01-22 00:00:00,KYC Issue,69.15
570,2210,2024-01-26 00:00:00,Payment Failure,25.26
571,2220,2024-02-07 00:00:00,Payment Failure,3.47
572,2228,2024-04-16 00:00:00,Payment Failure,34.27
573,2238,2023-05-30 00:00:00,Account Access,61.62
574,2240,2024-07-28 00:00:00,Payment Failure,30.52
575,2243,2023-04-05 00:00:00,KYC Issue,44.71
576,2250,2023-01-14 00:00:00,Payment Failure,6.44
577,2253,2023-03-27 00:00:00,Account Access,20.17
578,2254,2024-12-26 00:00:00,Payment Failure,12.07
579,2259,2024-05-12 00:00:00,Account Access,61.17
580,2260,2023-11-14 00:00:00,KYC Issue,56.81
581,2263,2023-12-04 00:00:00,KYC Issue,19.02
582,2266,2023-06-13 00:00:00,Payment Failure,54.57
583,2273,2024-10-13 00:00:00,KYC Issue,53.26
584,2275,2023-04-28 00:00:00,Payment Failure,30.16
585,2277,2024-01-23 00:00:00,Payment Failure,11.12
586,2279,2023-11-15 00:00:00,Payment Failure,33.92
587,2283,2023-11-16 00:00:00,Payment Failure,53.96
588,2290,2023-02-05 00:00:00,KYC Issue,68.68
589,2298,2024-09-12 00:00:00,KYC Issue,58.26
590,2299,2023-07-11 00:00:00,Account Access,63.92
591,2307,2024-05-29 00:00:00,Payment Failure,16.62
592,2308,2024-10-31 00:00:00,Payment Failure,19.97
593,2312,2023-03-24 00:00:00,Payment Failure,63.69
594,2315,2023-02-18 00:00:00,KYC Issue,38.41
595,2316,2024-05-27 00:00:00,Account Access,46.24
596,2319,2024-06-11 00:00:00,Account Access,24.72
597,2322,2023-02-08 00:00:00,Account Access,59.8
598,2334,2023-10-09 00:00:00,KYC Issue,39.05
599,2339,2023-10-25 00:00:00,Payment Failure,8.69
600,2350,2024-03-01 00:00:00,Account Access,16.75
601,2353,2024-09-24 00:00:00,Account Access,25.39
602,2359,2023-11-16 00:00:00,Account Access,48.64
603,2362,2023-11-02 00:00:00,KYC Issue,68.36
604,2370,2024-08-03 00:00:00,Payment Failure,57.16
605,2378,2023-05-15 00:00:00,KYC Issue,12.18
606,2379,2023-10-28 00:00:00,KYC Issue,58.31
607,2383,2024-04-17 00:00:00,KYC Issue,49.57
608,2387,2023-04-24 00:00:00,KYC Issue,63.34
609,2389,2023-12-31 00:00:00,Account Access,25.59
610,2390,2024-11-10 00:00:00,KYC Issue,14.76
611,2391,2023-05-18 00:00:00,Payment Failure,69.95
612,2393,2023-11-22 00:00:00,KYC Issue,46.83
613,2394,2024-07-25 00:00:00,Account Access,14.49
614,2397,2023-03-31 00:00:00,KYC Issue,68.58
615,2401,2023-12-21 00:00:00,KYC Issue,17.37
616,2407,2024-07-05 00:00:00,Account Access,50.22
617,2408,2023-02-07 00:00:00,Payment Failure,37.3
618,2412,2024-10-30 00:00:00,KYC Issue,51.8
619,2417,2024-11-27 00:00:00,KYC Issue,64.31
620,2424,2024-03-03 00:00:00,KYC Issue,67.55
621,2425,2024-09-04 00:00:00,KYC Issue,14.33
622,2428,2024-01-22 00:00:00,Account Access,24.99
623,2434,2024-05-01 00:00:00,KYC Issue,51.43
624,2452,2024-10-02 00:00:00,KYC Issue,2.21
625,2460,2023-08-03 00:00:00,KYC Issue,60.89
626,2462,2023-07-11 00:00:00,KYC Issue,21.24
627,2463,2023-02-11 00:00:00,Payment Failure,5.12
628,2464,2024-03-08 00:00:00,KYC Issue,46.8
629,2465,2024-08-27 00:00:00,KYC Issue,16.71
630,2468,2023-02-05 00:00:00,KYC Issue,56.14
631,2470,2024-04-07 00:00:00,Account Access,39.29
632,2474,2023-04-10 00:00:00,Payment Failure,35.35
633,2480,2024-08-15 00:00:00,KYC Issue,63.39
634,2481,2024-07-29 00:00:00,KYC Issue,68.8
635,2483,2023-03-21 00:00:00,KYC Issue,66.38
636,2493,2024-03-11 00:00:00,Payment Failure,11.52
637,2494,2023-04-22 00:00:00,KYC Issue,64.16
638,2495,2023-08-30 00:00:00,KYC Issue,62.25
639,2497,2024-05-29 00:00:00,Payment Failure,39.23
640,2499,2023-06-08 00:00:00,Payment Failure,71.54
641,2503,2024-12-26 00:00:00,KYC Issue,65.02
642,2504,2024-04-12 00:00:00,Account Access,28.57
643,2507,2023-07-05 00:00:00,Payment Failure,37.58
644,2511,2023-12-16 00:00:00,Account Access,7.01
645,2512,2023-05-16 00:00:00,KYC Issue,57.9
646,2513,2024-04-26 00:00:00,Payment Failure,69.86
647,2518,2024-10-02 00:00:00,KYC Issue,4.82
648,2519,2024-02-13 00:00:00,KYC Issue,34.28
649,2521,2024-04-04 00:00:00,Payment Failure,56.47
650,2522,2024-12-14 00:00:00,Payment Failure,17.03
651,2523,2024-01-11 00:00:00,KYC Issue,38.53
652,2527,2024-08-29 00:00:00,Payment Failure,27.06
653,2534,2023-03-05 00:00:00,Account Access,62.28
654,2538,2024-11-08 00:00:00,Account Access,2.62
655,2545,2023-02-16 00:00:00,Payment Failure,53.13
656,2547,2023-11-03 00:00:00,Payment Failure,35.11
657,2548,2024-11-23 00:00:00,Payment Failure,29.88
658,2550,2023-11-08 00:00:00,Payment Failure,11.57
659,2555,2023-11-14 00:00:00,Payment Failure,7.72
660,2556,2024-02-09 00:00:00,Account Access,11.05
661,2559,2023-04-23 00:00:00,KYC Issue,66.22
662,2563,2023-02-14 00:00:00,KYC Issue,67.73
663,2566,2023-03-10 00:00:00,Account Access,30.59
664,2572,2023-08-29 00:00:00,Payment Failure,17.67
665,2577,2024-06-21 00:00:00,KYC Issue,19.03
666,2581,2023-06-25 00:00:00,Payment Failure,20.41
667,2584,2024-11-10 00:00:00,KYC Issue,31.65
668,2591,2024-04-15 00:00:00,KYC Issue,44.53
669,2606,2024-10-01 00:00:00,KYC Issue,42.07
670,2610,2023-09-05 00:00:00,KYC Issue,65.83
671,2611,2024-11-10 00:00:00,KYC Issue,2.65
672,2616,2024-09-24 00:00:00,Payment Failure,12.87
673,2617,2023-03-04 00:00:00,KYC Issue,61.02
674,2618,2024-07-04 00:00:00,Account Access,61.31
675,2619,2023-07-09 00:00:00,Account Access,15.55
676,2625,2024-06-16 00:00:00,KYC Issue,47.61
677,2632,2024-03-16 00:00:00,Account Access,64.06
678,2635,2024-08-14 00:00:00,KYC Issue,27.29
679,2636,2023-12-21 00:00:00,KYC Issue,55.73
680,2637,2024-02-17 00:00:00,KYC Issue,6.4
681,2641,2023-05-20 00:00:00,Payment Failure,43.77
682,2646,2024-04-22 00:00:00,Payment Failure,16.65
683,2648,2024-05-30 00:00:00,KYC Issue,50.49
684,2650,2024-02-19 00:00:00,KYC Issue,68.59
685,2659,2023-03-24 00:00:00,KYC Issue,56.68
686,2663,2024-09-13 00:00:00,Payment Failure,30.44
687,2664,2023-04-22 00:00:00,KYC Issue,22.01
688,2669,2024-04-04 00:00:00,KYC Issue,44.67
689,2672,2024-01-03 00:00:00,Account Access,39.48
690,2674,2023-01-28 00:00:00,Payment Failure,11.09
691,2679,2024-06-21 00:00:00,Payment Failure,5.09
692,2680,2023-03-10 00:00:00,Payment Failure,11.17
693,2682,2023-02-19 00:00:00,Payment Failure,15.5
694,2689,2023-07-21 00:00:00,KYC Issue,30.36
695,2691,2023-09-17 00:00:00,Account Access,59.65
696,2696,2023-05-07 00:00:00,KYC Issue,28.67
697,2697,2024-01-25 00:00:00,KYC Issue,36.45
698,2700,2024-06-02 00:00:00,Account Access,30.35
699,2706,2024-05-14 00:00:00,KYC Issue,44.37
700,2713,2024-10-13 00:00:00,Account Access,36.92
701,2714,2023-02-28 00:00:00,Account Access,19.47
702,2716,2024-05-07 00:00:00,Account Access,34.28
703,2719,2024-11-20 00:00:00,Payment Failure,21.38
704,2721,2024-10-07 00:00:00,KYC Issue,71.58
705,2722,2024-06-29 00:00:00,Account Access,4.47
706,2728,2023-12-30 00:00:00,Payment Failure,12.58
707,2730,2023-06-29 00:00:00,KYC Issue,24.77
708,2732,2024-01-29 00:00:00,Payment Failure,43.29
709,2734,2024-10-18 00:00:00,Account Access,15.5
710,2735,2024-03-28 00:00:00,Payment Failure,45.56
711,2736,2024-07-25 00:00:00,Payment Failure,50.18
712,2742,2024-06-28 00:00:00,KYC Issue,4.27
713,2744,2024-01-14 00:00:00,Payment Failure,5.56
714,2750,2024-04-13 00:00:00,KYC Issue,21.05
715,2753,2024-08-04 00:00:00,Payment Failure,67.47
716,2756,2023-03-27 00:00:00,Payment Failure,48.8
717,2766,2024-02-27 00:00:00,Account Access,50.53
718,2769,2023-03-16 00:00:00,Account Access,32.64
719,2778,2023-12-26 00:00:00,KYC Issue,34.45
720,2780,2024-05-22 00:00:00,Payment Failure,57.55
721,2782,2024-10-03 00:00:00,Payment Failure,18.42
722,2786,2023-08-05 00:00:00,Payment Failure,59.19
723,2793,2023-11-13 00:00:00,Account Access,27.23
724,2795,2024-07-14 00:00:00,KYC Issue,52.47
725,2796,2024-07-28 00:00:00,Payment Failure,45.86
726,2797,2023-12-30 00:00:00,Payment Failure,34.66
727,2799,2024-06-07 00:00:00,Payment Failure,8.15
728,2803,2024-01-01 00:00:00,Payment Failure,44.86
729,2807,2023-12-01 00:00:00,KYC Issue,55.24
730,2814,2023-08-14 00:00:00,KYC Issue,60.23
731,2816,2023-07-02 00:00:00,Payment Failure,69.13
732,2817,2024-03-05 00:00:00,Account Access,28.73
733,2821,2024-09-08 00:00:00,Payment Failure,5.81
734,2822,2023-01-28 00:00:00,KYC Issue,19.36
735,2825,2024-10-21 00:00:00,Payment Failure,2.44
736,2826,2024-09-19 00:00:00,KYC Issue,47.0
737,2827,2023-12-17 00:00:00,Payment Failure,11.83
738,2839,2024-01-27 00:00:00,Payment Failure,52.84
739,2841,2023-11-23 00:00:00,Payment Failure,14.24
740,2842,2023-02-15 00:00:00,Account Access,2.79
741,2844,2023-04-07 00:00:00,KYC Issue,2.3
742,2846,2024-02-12 00:00:00,KYC Issue,8.3
743,2848,2024-09-21 00:00:00,KYC Issue,5.02
744,2851,2024-11-09 00:00:00,KYC Issue,68.25
745,2858,2024-01-21 00:00:00,Payment Failure,29.98
746,2862,2024-06-25 00:00:00,Account Access,60.6
747,2865,2024-03-07 00:00:00,KYC Issue,39.76
748,2867,2024-02-12 00:00:00,Payment Failure,15.3
749,2868,2024-12-27 00:00:00,Account Access,38.09
750,2870,2023-04-22 00:00:00,Account Access,55.95
751,2871,2024-05-18 00:00:00,KYC Issue,66.06
752,2872,2023-05-06 00:00:00,KYC Issue,33.71
753,2874,2023-02-13 00:00:00,Account Access,43.29
754,2878,2024-04-26 00:00:00,KYC Issue,64.81
755,2879,2023-08-08 00:00:00,KYC Issue,51.24
756,2880,2023-10-27 00:00:00,KYC Issue,70.74
757,2881,2024-10-08 00:00:00,Account Access,48.73
758,2888,2024-01-06 00:00:00,KYC Issue,66.4
759,2894,2023-03-12 00:00:00,KYC Issue,71.73
760,2897,2023-03-04 00:00:00,KYC Issue,3.45
761,2906,2024-08-15 00:00:00,Payment Failure,6.83
762,2911,2023-11-06 00:00:00,KYC Issue,45.85
763,2918,2023-04-23 00:00:00,KYC Issue,48.31
764,2933,2023-10-26 00:00:00,Account Access,70.43
765,2934,2023-10-26 00:00:00,KYC Issue,23.01
766,2935,2024-03-24 00:00:00,Account Access,70.92
767,2937,2023-03-28 00:00:00,KYC Issue,13.01
768,2949,2023-05-22 00:00:00,Payment Failure,43.52
769,2954,2024-01-14 00:00:00,Account Access,49.04
770,2959,2024-04-09 00:00:00,Payment Failure,42.16
771,2961,2024-03-19 00:00:00,Account Access,22.0
772,2970,2024-05-28 00:00:00,Account Access,63.75
773,2972,2024-10-18 00:00:00,KYC Issue,19.84
774,2979,2023-10-22 00:00:00,Account Access,42.34
775,2985,2023-03-10 00:00:00,Account Access,10.76
776,2987,2024-11-20 00:00:00,KYC Issue,3.27
777,2993,2023-11-12 00:00:00,Payment Failure,61.4
778,2995,2023-04-03 00:00:00,Account Access,26.62
779,2999,2025-01-13 00:00:00,KYC Issue,65.19
780,3000,2024-05-13 00:00:00,KYC Issue,7.23
781,3002,2024-02-10 00:00:00,KYC Issue,34.1
782,3008,2024-05-27 00:00:00,Payment Failure,60.71
783,3014,2023-09-16 00:00:00,Payment Failure,32.62
784,3021,2024-04-29 00:00:00,KYC Issue,51.0
785,3025,2023-05-13 00:00:00,Payment Failure,30.36
786,3028,2023-11-11 00:00:00,KYC Issue,48.44
787,3029,2023-07-03 00:00:00,KYC Issue,11.88
788,3039,2024-09-01 00:00:00,Payment Failure,23.3
789,3040,2023-10-06 00:00:00,KYC Issue,59.02
790,3041,2024-06-15 00:00:00,Payment Failure,28.14
791,3042,2024-04-25 00:00:00,KYC Issue,53.72
792,3045,2023-03-10 00:00:00,KYC Issue,34.34
793,3047,2024-01-09 00:00:00,Payment Failure,8.64
794,3048,2024-02-07 00:00:00,Payment Failure,64.44
795,3049,2024-10-22 00:00:00,KYC Issue,41.23
796,3051,2024-02-25 00:00:00,KYC Issue,58.62
797,3060,2024-03-14 00:00:00,Account Access,62.01
798,3061,2023-06-25 00:00:00,KYC Issue,58.49
799,3066,2023-04-16 00:00:00,KYC Issue,21.96
800,3070,2023-12-20 00:00:00,Account Access,31.52
801,3078,2023-02-13 00:00:00,Payment Failure,55.61
802,3079,2024-12-03 00:00:00,KYC Issue,47.75
803,3086,2024-08-28 00:00:00,Account Access,26.31
804,3087,2023-05-26 00:00:00,KYC Issue,37.95
805,3088,2023-09-03 00:00:00,Account Access,41.72
806,3090,2023-05-06 00:00:00,Payment Failure,64.5
807,3092,2023-07-27 00:00:00,KYC Issue,39.91
808,3094,2024-01-30 00:00:00,KYC Issue,68.34
809,3096,2023-01-07 00:00:00,KYC Issue,38.96
810,3106,2023-05-03 00:00:00,Payment Failure,44.92
811,3116,2023-04-13 00:00:00,Payment Failure,59.57
812,3118,2023-05-26 00:00:00,KYC Issue,50.95
813,3121,2024-04-29 00:00:00,KYC Issue,36.44
814,3123,2023-11-16 00:00:00,KYC Issue,57.16
815,3125,2024-01-09 00:00:00,Payment Failure,67.84
816,3134,2023-10-30 00:00:00,Account Access,58.95
817,3142,2024-12-07 00:00:00,KYC Issue,43.71
818,3144,2024-12-04 00:00:00,KYC Issue,18.24
819,3153,2023-03-18 00:00:00,Account Access,48.07
820,3155,2024-06-16 00:00:00,Payment Failure,67.05
821,3157,2023-11-23 00:00:00,KYC Issue,5.57
822,3159,2023-06-18 00:00:00,Payment Failure,64.66
823,3162,2024-05-14 00:00:00,KYC Issue,22.8
824,3164,2023-09-28 00:00:00,Payment Failure,5.44
825,3166,2024-02-17 00:00:00,KYC Issue,63.63
826,3167,2024-08-08 00:00:00,KYC Issue,27.14
827,3168,2023-05-15 00:00:00,KYC Issue,62.1
828,3171,2024-03-25 00:00:00,KYC Issue,30.32
829,3173,2024-04-11 00:00:00,Account Access,43.1
830,3174,2024-01-20 00:00:00,Payment Failure,69.53
831,3175,2024-03-19 00:00:00,KYC Issue,51.83
832,3176,2024-08-23 00:00:00,Account Access,67.46
833,3177,2024-10-13 00:00:00,Payment Failure,35.17
834,3182,2024-10-06 00:00:00,KYC Issue,26.49
835,3185,2023-11-03 00:00:00,Account Access,65.55
836,3187,2024-11-16 00:00:00,Payment Failure,39.6
837,3188,2024-01-19 00:00:00,KYC Issue,41.59
838,3205,2023-01-22 00:00:00,Payment Failure,34.73
839,3212,2023-11-01 00:00:00,Account Access,2.71
840,3215,2024-08-25 00:00:00,KYC Issue,22.35
841,3219,2023-02-16 00:00:00,Payment Failure,69.56
842,3223,2023-04-27 00:00:00,Account Access,52.45
843,3224,2024-01-17 00:00:00,Payment Failure,15.39
844,3225,2023-11-23 00:00:00,Account Access,52.79
845,3231,2024-04-06 00:00:00,Payment Failure,47.59
846,3232,2023-02-28 00:00:00,Payment Failure,24.21
847,3233,2024-05-22 00:00:00,Account Access,8.33
848,3239,2023-04-25 00:00:00,KYC Issue,3.34
849,3245,2024-08-21 00:00:00,KYC Issue,34.77
850,3248,2023-06-10 00:00:00,Account Access,47.63
851,3260,2023-08-26 00:00:00,KYC Issue,67.49
852,3263,2024-09-26 00:00:00,KYC Issue,44.53
853,3270,2025-01-19 00:00:00,Payment Failure,11.23
854,3273,2024-10-07 00:00:00,KYC Issue,33.6
855,3274,2024-03-26 00:00:00,Payment Failure,43.37
856,3276,2023-05-05 00:00:00,Account Access,23.26
857,3278,2024-07-14 00:00:00,Payment Failure,70.11
858,3285,2023-04-06 00:00:00,KYC Issue,62.56
859,3286,2023-08-24 00:00:00,KYC Issue,43.79
860,3288,2023-01-27 00:00:00,Payment Failure,21.05
861,3289,2023-07-29 00:00:00,Payment Failure,59.99
862,3290,2023-02-09 00:00:00,KYC Issue,68.23
863,3293,2024-05-12 00:00:00,KYC Issue,35.45
864,3296,2024-03-30 00:00:00,Payment Failure,56.27
865,3297,2024-04-02 00:00:00,KYC Issue,30.13
866,3301,2023-05-01 00:00:00,Account Access,25.7
867,3302,2024-07-28 00:00:00,KYC Issue,29.2
868,3312,2024-09-07 00:00:00,KYC Issue,7.12
869,3317,2024-10-12 00:00:00,KYC Issue,49.5
870,3319,2023-05-23 00:00:00,KYC Issue,35.89
871,3320,2023-10-18 00:00:00,Payment Failure,46.09
872,3323,2023-01-16 00:00:00,Payment Failure,39.8
873,3329,2024-08-16 00:00:00,Account Access,23.47
874,3331,2024-06-26 00:00:00,Account Access,13.95
875,3335,2024-01-02 00:00:00,KYC Issue,20.65
876,3340,2024-10-29 00:00:00,Payment Failure,32.99
877,3344,2024-01-06 00:00:00,Account Access,53.86
878,3345,2024-08-12 00:00:00,KYC Issue,41.41
879,3353,2024-10-01 00:00:00,Payment Failure,25.63
880,3355,2025-01-23 00:00:00,Payment Failure,71.32
881,3360,2023-03-10 00:00:00,KYC Issue,58.84
882,3362,2023-02-04 00:00:00,Account Access,28.1
883,3365,2023-07-23 00:00:00,Account Access,26.99
884,3366,2023-11-01 00:00:00,Payment Failure,7.67
885,3367,2023-10-13 00:00:00,KYC Issue,51.62
886,3373,2024-02-08 00:00:00,KYC Issue,24.79
887,3375,2024-10-04 00:00:00,KYC Issue,44.26
888,3381,2024-06-28 00:00:00,Payment Failure,46.13
889,3388,2023-07-25 00:00:00,KYC Issue,69.66
890,3389,2025-01-14 00:00:00,Payment Failure,12.08
891,3391,2024-06-06 00:00:00,KYC Issue,42.79
892,3394,2024-11-02 00:00:00,KYC Issue,55.1
893,3399,2024-08-23 00:00:00,KYC Issue,33.42
894,3402,2023-01-20 00:00:00,KYC Issue,65.86
895,3406,2024-06-15 00:00:00,Account Access,20.74
896,3408,2024-02-09 00:00:00,KYC Issue,54.49
897,3412,2024-03-19 00:00:00,Payment Failure,18.68
898,3413,2024-02-12 00:00:00,Account Access,41.38
899,3415,2023-10-29 00:00:00,Payment Failure,44.44
900,3416,2024-07-24 00:00:00,Account Access,23.5
901,3419,2023-04-08 00:00:00,KYC Issue,43.55
902,3421,2024-06-09 00:00:00,Account Access,67.88
903,3424,2024-08-04 00:00:00,KYC Issue,12.53
904,3425,2024-07-03 00:00:00,Payment Failure,15.82
905,3428,2023-05-13 00:00:00,Payment Failure,15.99
906,3434,2023-12-06 00:00:00,Payment Failure,35.67
907,3438,2024-06-15 00:00:00,Payment Failure,61.52
908,3439,2024-11-30 00:00:00,Payment Failure,64.85
909,3447,2024-06-14 00:00:00,Payment Failure,42.59
910,3455,2024-08-16 00:00:00,KYC Issue,45.32
911,3460,2023-10-17 00:00:00,KYC Issue,59.87
912,3469,2024-05-14 00:00:00,Payment Failure,15.68
913,3477,2024-10-13 00:00:00,KYC Issue,2.59
914,3478,2023-04-12 00:00:00,Account Access,31.81
915,3479,2023-12-12 00:00:00,KYC Issue,13.69
916,3491,2024-10-21 00:00:00,Account Access,69.83
917,3496,2023-04-09 00:00:00,KYC Issue,7.49
918,3497,2024-12-04 00:00:00,Payment Failure,66.09
919,3499,2023-10-20 00:00:00,Account Access,51.6
920,3500,2023-09-03 00:00:00,KYC Issue,33.43
921,3501,2023-07-03 00:00:00,Payment Failure,53.64
922,3507,2024-03-06 00:00:00,Account Access,19.12
923,3511,2023-05-10 00:00:00,Account Access,63.69
924,3512,2023-08-02 00:00:00,Account Access,71.1
925,3513,2023-10-08 00:00:00,Account Access,56.09
926,3518,2023-08-24 00:00:00,Payment Failure,4.4
927,3520,2023-10-25 00:00:00,KYC Issue,15.5
928,3524,2023-01-24 00:00:00,KYC Issue,41.6
929,3526,2024-05-02 00:00:00,KYC Issue,66.88
930,3534,2023-08-02 00:00:00,Payment Failure,8.6
931,3539,2023-11-27 00:00:00,KYC Issue,63.1
932,3548,2024-05-04 00:00:00,Payment Failure,54.21
933,3554,2024-04-20 00:00:00,Payment Failure,36.87
934,3556,2024-08-09 00:00:00,Payment Failure,50.54
935,3557,2024-08-03 00:00:00,Payment Failure,12.82
936,3558,2024-08-24 00:00:00,KYC Issue,54.0
937,3560,2023-12-19 00:00:00,Payment Failure,9.61
938,3564,2023-03-06 00:00:00,Account Access,25.14
939,3565,2024-11-25 00:00:00,KYC Issue,48.6
940,3566,2023-06-04 00:00:00,Payment Failure,6.68
941,3572,2024-08-03 00:00:00,KYC Issue,23.09
942,3573,2024-05-14 00:00:00,Payment Failure,28.34
943,3581,2023-10-01 00:00:00,KYC Issue,56.6
944,3582,2023-07-30 00:00:00,KYC Issue,70.61
945,3586,2023-11-29 00:00:00,KYC Issue,65.86
946,3587,2023-05-14 00:00:00,KYC Issue,55.84
947,3589,2024-04-28 00:00:00,Payment Failure,10.28
948,3595,2023-11-21 00:00:00,KYC Issue,55.8
949,3600,2023-12-24 00:00:00,KYC Issue,30.85
950,3601,2023-04-28 00:00:00,KYC Issue,71.93
951,3605,2024-06-20 00:00:00,KYC Issue,58.31
952,3618,2023-05-14 00:00:00,KYC Issue,52.36
953,3622,2024-10-28 00:00:00,Account Access,43.63
954,3624,2023-09-12 00:00:00,Payment Failure,34.88
955,3626,2023-03-05 00:00:00,Account Access,38.06
956,3627,2024-01-31 00:00:00,Payment Failure,57.4
957,3628,2024-03-02 00:00:00,KYC Issue,67.16
958,3639,2024-12-22 00:00:00,Payment Failure,52.58
959,3642,2024-12-28 00:00:00,Payment Failure,16.31
960,3645,2023-11-01 00:00:00,KYC Issue,33.0
961,3650,2023-04-19 00:00:00,Account Access,35.36
962,3651,2024-07-09 00:00:00,Payment Failure,3.19
963,3652,2023-05-27 00:00:00,KYC Issue,26.26
964,3658,2024-02-28 00:00:00,Account Access,12.62
965,3659,2024-11-04 00:00:00,Payment Failure,54.06
966,3662,2023-07-14 00:00:00,KYC Issue,27.01
967,3667,2024-11-09 00:00:00,Account Access,59.34
968,3679,2023-03-01 00:00:00,Payment Failure,17.28
969,3686,2023-10-29 00:00:00,KYC Issue,21.98
970,3690,2024-12-08 00:00:00,Payment Failure,31.53
971,3691,2024-10-22 00:00:00,Account Access,15.26
972,3695,2023-05-29 00:00:00,Account Access,63.33
973,3697,2023-08-21 00:00:00,Account Access,41.61
974,3703,2024-06-11 00:00:00,Payment Failure,2.47
975,3708,2023-09-04 00:00:00,KYC Issue,50.37
976,3713,2024-11-25 00:00:00,Account Access,39.74
977,3725,2023-10-19 00:00:00,Account Access,20.37
978,3734,2024-10-20 00:00:00,Account Access,32.33
979,3743,2024-09-27 00:00:00,KYC Issue,14.98
980,3744,2024-04-30 00:00:00,Account Access,42.15
981,3745,2023-06-01 00:00:00,Payment Failure,24.52
982,3748,2024-10-29 00:00:00,Payment Failure,25.62
983,3752,2024-10-25 00:00:00,KYC Issue,46.28
984,3754,2023-10-10 00:00:00,Account Access,63.34
985,3757,2023-03-08 00:00:00,KYC Issue,37.77
986,3759,2024-08-26 00:00:00,KYC Issue,66.69
987,3760,2023-11-23 00:00:00,Account Access,12.23
988,3767,2024-11-14 00:00:00,KYC Issue,5.62
989,3769,2024-11-03 00:00:00,KYC Issue,7.99
990,3770,2024-09-27 00:00:00,Payment Failure,38.39
991,3771,2024-09-11 00:00:00,Payment Failure,52.9
992,3777,2023-09-17 00:00:00,Payment Failure,47.69
993,3779,2023-11-26 00:00:00,Account Access,23.81
994,3782,2024-12-18 00:00:00,Payment Failure,14.93
995,3784,2023-07-06 00:00:00,Payment Failure,26.66
996,3785,2024-03-04 00:00:00,Account Access,54.45
997,3788,2023-03-22 00:00:00,Payment Failure,2.32
998,3789,2023-12-14 00:00:00,Account Access,71.66
999,3790,2024-12-03 00:00:00,Payment Failure,62.3
1000,3795,2024-10-14 00:00:00,Payment Failure,4.46
1001,3801,2024-01-16 00:00:00,Payment Failure,26.68
1002,3804,2023-09-15 00:00:00,KYC Issue,30.29
1003,3819,2023-09-16 00:00:00,KYC Issue,33.93
1004,3821,2024-02-16 00:00:00,Payment Failure,3.48
1005,3836,2023-12-10 00:00:00,Payment Failure,8.24
1006,3840,2023-07-28 00:00:00,Payment Failure,40.22
1007,3841,2023-12-27 00:00:00,Payment Failure,11.3
1008,3845,2023-01-14 00:00:00,KYC Issue,62.09
1009,3855,2024-11-21 00:00:00,Account Access,11.97
1010,3860,2023-02-03 00:00:00,KYC Issue,42.53
1011,3861,2023-07-16 00:00:00,Payment Failure,57.47
1012,3870,2024-12-30 00:00:00,KYC Issue,49.77
1013,3879,2023-06-03 00:00:00,KYC Issue,12.22
1014,3880,2023-01-12 00:00:00,KYC Issue,34.82
1015,3882,2023-12-27 00:00:00,KYC Issue,47.78
1016,3885,2024-03-11 00:00:00,Payment Failure,49.45
1017,3887,2024-08-03 00:00:00,Account Access,20.08
1018,3889,2024-08-04 00:00:00,Payment Failure,35.17
1019,3893,2023-05-24 00:00:00,Payment Failure,25.62
1020,3894,2024-08-15 00:00:00,KYC Issue,66.32
1021,3897,2025-01-02 00:00:00,KYC Issue,38.08
1022,3901,2024-08-23 00:00:00,KYC Issue,67.47
1023,3903,2023-03-14 00:00:00,KYC Issue,9.09
1024,3907,2024-09-01 00:00:00,Payment Failure,61.26
1025,3908,2024-09-15 00:00:00,Payment Failure,57.8
1026,3917,2024-11-04 00:00:00,KYC Issue,71.25
1027,3924,2023-06-19 00:00:00,Payment Failure,4.41
1028,3929,2024-07-30 00:00:00,Account Access,44.96
1029,3931,2023-11-05 00:00:00,KYC Issue,71.13
1030,3934,2024-01-19 00:00:00,KYC Issue,14.68
1031,3936,2024-01-30 00:00:00,Account Access,46.92
1032,3938,2023-05-03 00:00:00,KYC Issue,43.75
1033,3941,2023-12-19 00:00:00,KYC Issue,49.04
1034,3943,2024-10-20 00:00:00,KYC Issue,30.94
1035,3945,2023-05-17 00:00:00,Payment Failure,12.05
1036,3952,2023-05-17 00:00:00,KYC Issue,5.5
1037,3960,2023-10-18 00:00:00,KYC Issue,67.09
1038,3973,2023-08-23 00:00:00,Payment Failure,4.33
1039,3978,2023-10-25 00:00:00,Account Access,40.69
1040,3990,2024-01-14 00:00:00,KYC Issue,71.71
1041,3991,2024-06-22 00:00:00,Payment Failure,70.73
1042,3995,2024-09-06 00:00:00,KYC Issue,50.5
1043,3999,2024-05-03 00:00:00,KYC Issue,37.15
1044,4001,2023-06-26 00:00:00,KYC Issue,64.84
1045,4012,2024-01-24 00:00:00,KYC Issue,21.88
1046,4013,2023-12-28 00:00:00,KYC Issue,11.02
1047,4020,2025-01-07 00:00:00,KYC Issue,28.27
1048,4022,2024-09-26 00:00:00,KYC Issue,10.76
1049,4023,2023-09-08 00:00:00,KYC Issue,47.79
1050,4024,2023-04-28 00:00:00,KYC Issue,46.39
1051,4026,2024-02-06 00:00:00,Payment Failure,29.73
1052,4036,2023-03-18 00:00:00,KYC Issue,24.07
1053,4038,2024-08-04 00:00:00,Payment Failure,27.55
1054,4040,2023-06-18 00:00:00,KYC Issue,23.22
1055,4041,2024-03-31 00:00:00,KYC Issue,30.64
1056,4042,2023-02-03 00:00:00,Payment Failure,2.6
1057,4043,2023-12-13 00:00:00,KYC Issue,22.04
1058,4044,2024-03-05 00:00:00,Payment Failure,26.11
1059,4046,2024-06-03 00:00:00,KYC Issue,57.67
1060,4052,2023-08-18 00:00:00,KYC Issue,63.33
1061,4058,2023-06-13 00:00:00,KYC Issue,55.35
1062,4059,2024-09-14 00:00:00,KYC Issue,10.91
1063,4063,2024-01-31 00:00:00,KYC Issue,8.15
1064,4064,2024-01-02 00:00:00,KYC Issue,13.54
1065,4067,2023-06-17 00:00:00,Payment Failure,6.52
1066,4068,2025-01-22 00:00:00,KYC Issue,28.97
1067,4069,2023-06-01 00:00:00,KYC Issue,6.72
1068,4070,2024-01-02 00:00:00,KYC Issue,27.72
1069,4071,2023-08-22 00:00:00,Account Access,8.15
1070,4073,2023-09-03 00:00:00,Payment Failure,41.13
1071,4081,2023-08-09 00:00:00,KYC Issue,12.06
1072,4084,2024-01-07 00:00:00,KYC Issue,45.92
1073,4089,2024-03-26 00:00:00,KYC Issue,26.83
1074,4092,2023-12-05 00:00:00,Account Access,64.88
1075,4093,2024-03-19 00:00:00,KYC Issue,19.41
1076,4097,2024-09-19 00:00:00,KYC Issue,58.35
1077,4100,2024-12-30 00:00:00,Payment Failure,60.44
1078,4102,2023-02-17 00:00:00,KYC Issue,8.81
1079,4105,2024-09-25 00:00:00,KYC Issue,5.0
1080,4110,2023-01-11 00:00:00,Payment Failure,3.93
1081,4112,2024-07-13 00:00:00,KYC Issue,55.64
1082,4113,2023-09-10 00:00:00,KYC Issue,20.8
1083,4119,2024-11-07 00:00:00,KYC Issue,56.08
1084,4120,2023-07-31 00:00:00,Account Access,5.42
1085,4121,2025-01-20 00:00:00,KYC Issue,13.24
1086,4123,2024-01-08 00:00:00,Account Access,66.95
1087,4127,2023-10-03 00:00:00,KYC Issue,68.88
1088,4130,2023-04-18 00:00:00,Payment Failure,12.31
1089,4133,2024-01-12 00:00:00,KYC Issue,43.56
1090,4134,2024-03-01 00:00:00,Payment Failure,47.35
1091,4136,2025-01-10 00:00:00,Payment Failure,31.43
1092,4137,2023-10-02 00:00:00,Payment Failure,59.5
1093,4139,2023-03-27 00:00:00,Account Access,63.14
1094,4148,2024-12-13 00:00:00,KYC Issue,65.47
1095,4149,2023-04-02 00:00:00,Payment Failure,18.47
1096,4151,2024-01-04 00:00:00,Account Access,31.81
1097,4152,2023-12-06 00:00:00,Payment Failure,53.36
1098,4161,2024-04-01 00:00:00,KYC Issue,38.7
1099,4163,2023-04-07 00:00:00,KYC Issue,64.43
1100,4168,2023-08-30 00:00:00,KYC Issue,41.42
1101,4173,2023-09-03 00:00:00,Payment Failure,60.79
1102,4175,2023-11-19 00:00:00,KYC Issue,71.6
1103,4183,2024-01-04 00:00:00,KYC Issue,24.48
1104,4187,2024-12-17 00:00:00,Payment Failure,32.62
1105,4189,2024-08-10 00:00:00,KYC Issue,40.04
1106,4190,2023-12-31 00:00:00,Payment Failure,6.76
1107,4202,2024-12-28 00:00:00,Account Access,26.6
1108,4205,2023-05-13 00:00:00,KYC Issue,56.69
1109,4206,2023-07-29 00:00:00,Payment Failure,48.68
1110,4207,2024-06-23 00:00:00,KYC Issue,53.79
1111,4210,2024-10-01 00:00:00,Payment Failure,39.45
1112,4213,2023-07-24 00:00:00,Payment Failure,18.62
1113,4215,2024-08-08 00:00:00,KYC Issue,3.22
1114,4219,2024-11-20 00:00:00,KYC Issue,51.29
1115,4221,2024-11-20 00:00:00,Payment Failure,59.55
1116,4222,2023-08-09 00:00:00,Payment Failure,61.3
1117,4227,2023-12-19 00:00:00,KYC Issue,45.96
1118,4233,2023-05-25 00:00:00,Account Access,25.8
1119,4239,2024-11-05 00:00:00,KYC Issue,18.55
1120,4242,2023-09-18 00:00:00,KYC Issue,36.08
1121,4244,2024-10-31 00:00:00,Payment Failure,59.87
1122,4247,2023-05-25 00:00:00,Account Access,25.73
1123,4248,2024-08-14 00:00:00,KYC Issue,56.5
1124,4249,2023-04-16 00:00:00,Payment Failure,53.03
1125,4269,2024-07-23 00:00:00,KYC Issue,71.46
1126,4273,2023-08-28 00:00:00,Payment Failure,4.9
1127,4274,2024-01-26 00:00:00,KYC Issue,24.63
1128,4277,2023-08-12 00:00:00,KYC Issue,8.52
1129,4285,2023-11-19 00:00:00,Payment Failure,12.56
1130,4290,2024-02-17 00:00:00,Account Access,65.37
1131,4293,2023-03-15 00:00:00,Payment Failure,58.32
1132,4301,2024-11-21 00:00:00,KYC Issue,70.37
1133,4305,2023-01-20 00:00:00,KYC Issue,23.06
1134,4307,2023-02-09 00:00:00,KYC Issue,66.5
1135,4308,2024-09-06 00:00:00,KYC Issue,27.24
1136,4310,2024-04-27 00:00:00,Payment Failure,5.22
1137,4318,2024-11-25 00:00:00,KYC Issue,49.24
1138,4320,2023-07-31 00:00:00,KYC Issue,61.79
1139,4328,2023-07-30 00:00:00,Payment Failure,17.81
1140,4329,2024-08-27 00:00:00,KYC Issue,10.57
1141,4334,2024-08-15 00:00:00,KYC Issue,30.7
1142,4336,2023-12-23 00:00:00,Account Access,45.79
1143,4340,2023-07-12 00:00:00,Payment Failure,8.59
1144,4345,2024-11-21 00:00:00,Payment Failure,55.95
1145,4347,2024-04-21 00:00:00,Payment Failure,28.18
1146,4349,2023-01-28 00:00:00,Payment Failure,36.56
1147,4354,2023-09-20 00:00:00,KYC Issue,23.35
1148,4355,2024-11-01 00:00:00,Payment Failure,51.43
1149,4363,2024-05-26 00:00:00,Payment Failure,63.17
1150,4366,2024-01-31 00:00:00,Payment Failure,47.08
1151,4370,2024-02-11 00:00:00,KYC Issue,50.06
1152,4382,2024-07-28 00:00:00,Account Access,51.97
1153,4390,2024-04-25 00:00:00,KYC Issue,5.34
1154,4393,2023-08-29 00:00:00,Payment Failure,61.25
1155,4397,2024-12-26 00:00:00,Payment Failure,31.59
1156,4398,2025-01-09 00:00:00,Payment Failure,43.46
1157,4399,2023-10-21 00:00:00,KYC Issue,10.01
1158,4402,2024-09-29 00:00:00,KYC Issue,62.67
1159,4403,2023-03-23 00:00:00,Account Access,28.74
1160,4409,2024-01-18 00:00:00,Account Access,54.02
1161,4411,2024-07-12 00:00:00,KYC Issue,53.12
1162,4416,2024-04-16 00:00:00,Account Access,25.7
1163,4423,2024-04-14 00:00:00,Payment Failure,67.4
1164,4433,2023-04-16 00:00:00,Payment Failure,23.86
1165,4437,2024-03-08 00:00:00,Payment Failure,48.37
1166,4441,2024-09-01 00:00:00,Account Access,15.95
1167,4445,2023-10-21 00:00:00,Payment Failure,59.25
1168,4448,2023-09-03 00:00:00,KYC Issue,6.72
1169,4449,2024-06-30 00:00:00,Account Access,38.81
1170,4450,2024-03-08 00:00:00,Account Access,33.74
1171,4454,2023-01-29 00:00:00,Account Access,45.92
1172,4458,2023-01-21 00:00:00,KYC Issue,37.64
1173,4461,2024-04-17 00:00:00,KYC Issue,54.42
1174,4465,2024-05-21 00:00:00,Payment Failure,6.03
1175,4473,2024-04-13 00:00:00,Payment Failure,23.57
1176,4480,2023-06-26 00:00:00,Payment Failure,12.78
1177,4482,2024-03-08 00:00:00,Account Access,55.7
1178,4485,2024-07-10 00:00:00,KYC Issue,9.72
1179,4486,2023-08-01 00:00:00,Payment Failure,47.62
1180,4491,2023-08-06 00:00:00,KYC Issue,45.41
1181,4493,2024-05-26 00:00:00,Payment Failure,56.32
1182,4497,2024-04-05 00:00:00,Payment Failure,14.4
1183,4502,2024-02-17 00:00:00,Payment Failure,9.43
1184,4504,2024-09-10 00:00:00,KYC Issue,19.78
1185,4512,2023-12-29 00:00:00,Account Access,70.61
1186,4513,2024-12-05 00:00:00,Payment Failure,64.02
1187,4514,2023-08-17 00:00:00,Payment Failure,48.85
1188,4517,2023-07-06 00:00:00,Payment Failure,35.22
1189,4518,2024-03-14 00:00:00,KYC Issue,13.52
1190,4519,2023-01-29 00:00:00,Account Access,38.59
1191,4522,2024-09-30 00:00:00,Payment Failure,66.14
1192,4524,2024-06-17 00:00:00,KYC Issue,35.24
1193,4534,2023-11-30 00:00:00,KYC Issue,67.22
1194,4539,2023-06-19 00:00:00,KYC Issue,60.87
1195,4542,2023-04-27 00:00:00,Payment Failure,50.5
1196,4544,2024-11-12 00:00:00,Payment Failure,39.44
1197,4546,2024-05-27 00:00:00,KYC Issue,31.92
1198,4550,2023-08-30 00:00:00,Payment Failure,20.57
1199,4560,2023-12-22 00:00:00,Payment Failure,35.17
1200,4565,2024-06-03 00:00:00,KYC Issue,69.05
1201,4574,2024-07-20 00:00:00,KYC Issue,17.66
1202,4577,2024-04-04 00:00:00,KYC Issue,49.41
1203,4580,2024-01-11 00:00:00,KYC Issue,38.12
1204,4594,2024-10-25 00:00:00,Payment Failure,31.28
1205,4595,2024-07-01 00:00:00,Account Access,55.96
1206,4597,2024-02-24 00:00:00,Account Access,44.11
1207,4607,2024-12-10 00:00:00,KYC Issue,68.23
1208,4613,2023-07-18 00:00:00,KYC Issue,49.8
1209,4616,2023-04-10 00:00:00,KYC Issue,29.54
1210,4619,2024-11-22 00:00:00,Payment Failure,21.97
1211,4633,2024-01-13 00:00:00,Payment Failure,52.58
1212,4634,2024-07-04 00:00:00,Account Access,56.68
1213,4637,2024-11-12 00:00:00,Account Access,7.18
1214,4649,2024-09-07 00:00:00,KYC Issue,20.98
1215,4650,2024-08-02 00:00:00,Payment Failure,35.81
1216,4651,2023-02-21 00:00:00,Payment Failure,3.2
1217,4657,2023-06-06 00:00:00,Payment Failure,61.69
1218,4658,2024-04-14 00:00:00,Payment Failure,66.55
1219,4660,2023-04-08 00:00:00,KYC Issue,26.05
1220,4665,2023-08-15 00:00:00,Account Access,49.86
1221,4672,2023-10-30 00:00:00,Payment Failure,52.0
1222,4673,2023-11-30 00:00:00,Payment Failure,45.98
1223,4674,2024-10-05 00:00:00,KYC Issue,42.84
1224,4679,2023-09-11 00:00:00,KYC Issue,63.44
1225,4690,2024-11-05 00:00:00,Payment Failure,34.71
1226,4692,2024-08-09 00:00:00,Payment Failure,28.81
1227,4697,2024-12-08 00:00:00,KYC Issue,64.5
1228,4698,2023-03-21 00:00:00,KYC Issue,29.51
1229,4701,2024-08-26 00:00:00,KYC Issue,46.78
1230,4702,2023-03-29 00:00:00,Account Access,63.53
1231,4706,2023-10-20 00:00:00,Payment Failure,29.63
1232,4708,2023-05-01 00:00:00,KYC Issue,70.34
1233,4710,2024-06-20 00:00:00,KYC Issue,31.4
1234,4714,2024-07-13 00:00:00,Payment Failure,54.49
1235,4719,2024-09-22 00:00:00,KYC Issue,47.44
1236,4720,2023-04-19 00:00:00,Payment Failure,60.77
1237,4724,2024-11-25 00:00:00,Payment Failure,61.56
1238,4742,2024-08-30 00:00:00,KYC Issue,20.21
1239,4743,2023-04-06 00:00:00,Payment Failure,2.02
1240,4745,2023-11-17 00:00:00,Payment Failure,14.81
1241,4749,2024-01-10 00:00:00,KYC Issue,19.52
1242,4750,2023-04-13 00:00:00,Payment Failure,20.7
1243,4751,2023-11-06 00:00:00,Payment Failure,19.24
1244,4757,2023-10-19 00:00:00,Account Access,31.66
1245,4760,2024-12-16 00:00:00,KYC Issue,17.39
1246,4762,2025-01-04 00:00:00,Account Access,47.74
1247,4765,2024-07-12 00:00:00,Account Access,23.75
1248,4768,2023-12-30 00:00:00,Payment Failure,51.37
1249,4769,2024-08-28 00:00:00,KYC Issue,56.01
1250,4774,2023-11-19 00:00:00,Payment Failure,50.33
1251,4779,2023-04-16 00:00:00,Account Access,70.2
1252,4780,2023-02-02 00:00:00,Payment Failure,23.59
1253,4785,2024-05-19 00:00:00,KYC Issue,70.92
1254,4787,2023-10-23 00:00:00,Account Access,2.72
1255,4789,2023-04-15 00:00:00,KYC Issue,9.65
1256,4790,2024-04-23 00:00:00,KYC Issue,7.21
1257,4791,2024-06-27 00:00:00,KYC Issue,27.66
1258,4798,2024-04-01 00:00:00,Payment Failure,15.18
1259,4803,2023-05-14 00:00:00,KYC Issue,16.11
1260,4804,2023-07-01 00:00:00,KYC Issue,64.69
1261,4805,2023-08-22 00:00:00,Payment Failure,65.01
1262,4808,2023-01-26 00:00:00,Account Access,23.4
1263,4812,2023-12-04 00:00:00,KYC Issue,13.34
1264,4824,2024-08-04 00:00:00,Account Access,67.2
1265,4828,2024-11-06 00:00:00,KYC Issue,35.67
1266,4832,2024-11-19 00:00:00,KYC Issue,15.11
1267,4839,2023-03-23 00:00:00,Payment Failure,42.45
1268,4842,2024-01-11 00:00:00,Payment Failure,60.5
1269,4843,2024-01-01 00:00:00,KYC Issue,41.13
1270,4847,2024-04-23 00:00:00,KYC Issue,40.3
1271,4851,2023-04-10 00:00:00,Account Access,2.76
1272,4852,2024-05-09 00:00:00,KYC Issue,7.9
1273,4853,2023-12-07 00:00:00,Payment Failure,33.83
1274,4854,2024-11-02 00:00:00,Payment Failure,65.21
1275,4856,2023-04-24 00:00:00,Payment Failure,11.79
1276,4869,2024-12-03 00:00:00,KYC Issue,29.66
1277,4871,2024-02-25 00:00:00,KYC Issue,30.19
1278,4874,2024-11-08 00:00:00,Payment Failure,5.5
1279,4884,2023-06-26 00:00:00,Payment Failure,62.0
1280,4887,2024-12-16 00:00:00,Payment Failure,16.55
1281,4889,2023-12-02 00:00:00,Payment Failure,12.71
1282,4890,2024-03-18 00:00:00,KYC Issue,29.75
1283,4895,2024-11-02 00:00:00,Payment Failure,17.49
1284,4902,2023-08-26 00:00:00,Account Access,24.4
1285,4909,2024-12-01 00:00:00,Payment Failure,29.02
1286,4911,2023-01-29 00:00:00,Payment Failure,45.0
1287,4916,2023-07-12 00:00:00,Payment Failure,3.07
1288,4919,2023-06-08 00:00:00,KYC Issue,59.33
1289,4920,2024-01-07 00:00:00,KYC Issue,4.29
1290,4921,2024-10-09 00:00:00,Payment Failure,38.69
1291,4933,2024-09-29 00:00:00,Account Access,35.83
1292,4938,2023-03-15 00:00:00,Payment Failure,29.12
1293,4939,2024-04-22 00:00:00,KYC Issue,52.8
1294,4940,2023-04-17 00:00:00,Account Access,50.58
1295,4941,2024-12-26 00:00:00,Payment Failure,34.82
1296,4942,2023-08-12 00:00:00,KYC Issue,10.93
1297,4946,2024-08-24 00:00:00,Payment Failure,44.22
1298,4954,2024-02-29 00:00:00,KYC Issue,33.89
1299,4959,2024-12-04 00:00:00,KYC Issue,44.91
1300,4965,2024-11-04 00:00:00,Payment Failure,43.35
1301,4968,2023-03-19 00:00:00,Payment Failure,60.93
1302,4969,2023-07-25 00:00:00,KYC Issue,53.65
1303,4973,2023-12-01 00:00:00,Payment Failure,45.65
1304,4978,2024-09-28 00:00:00,Account Access,45.65
1305,4981,2024-01-28 00:00:00,KYC Issue,42.73
1306,4982,2023-04-25 00:00:00,Account Access,6.15
1307,4983,2023-09-03 00:00:00,Payment Failure,53.58
1308,4988,2024-07-15 00:00:00,Payment Failure,58.1
1309,4994,2024-04-16 00:00:00,Payment Failure,55.21
1310,4995,2023-06-01 00:00:00,KYC Issue,39.69
